0000  - MACQUARIE CAPITAL SECURITIES 
0001 SCOMNET - SUPERCOMNET TECHNOLOGIES BERHAD 
0002 KOTRA - KOTRA INDUSTRIES BERHAD 
0003 IE - INTELLIGENT EDGE TECHNOLOGIES BERHAD 
0004  -  
0005 UCREST - UCREST BERHAD 
0006 PINEAPP - PINEAPPLE RESOURCES BERHAD 
0007 PUC - PUC BERHAD 
0008 WILLOW - WILLOWGLEN MSC BERHAD 
0009 YTLE - YTL E-SOLUTIONS BERHAD 
0010 IRIS - IRIS CORPORATION BERHAD 
0011 BTECH - BRITE-TECH BERHAD 
0012 3A - THREE-A RESOURCES BERHAD 
0013 MCMTECH - MCM TECHNOLOGIES BERHAD 
0014 KRNSOFT - KARENSOFT TECHNOLOGY BERHAD 
0015 ORISOFT - ORISOFT TECHNOLOGY BERHAD 
0016 SYMPHNY - SYMPHONY HOUSE BHD 
0017 M3TECH - M3 TECHNOLOGIES 
0018 LAMBO - LAMBO GROUP BERHAD 
0019 UBS - UBS CORPORATION BERHAD 
0020 NETX - NETX HOLDINGS BERHAD 
0021 GHLSYS - GHL SYSTEMS BERHAD 
0022 PARLO - PARLO BERHAD 
0023 IFCAMSC - IFCA MSC BERHAD 
0024 JAG - JAG BERHAD 
0025 YBS - YBS INTERNATIONAL BERHAD 
0026 NOVAMSC - NOVA MSC BERHAD 
0027 JSPC - JSPC I-SOLUTIONS BERHAD 
0028 SCOPE - SCOPE INDUSTRIES BERHAD 
0029 DIGISTA - DIGISTAR CORPORATION BERHAD 
0030 EBWORX - EBWORX BERHAD 
0031 MOLACS - MOL ACCESSPORTAL BERHAD 
0032 REDTONE - REDTONE INTERNATIONAL BERHAD 
0033 MTONE -  MANGOTONE GROUP BERHAD 
0034 MMAG - MMAG HOLDINGS BERHAD 
0035 OPCOM - OPCOM HOLDINGS BERHAD 
0036 KGROUP - KEY ALLIANCE GROUP BERHAD 
0037 RGB - RGB INTERNATIONAL BHD 
0038 ARTRONIQ - PLASTRADE TECHNOLOGY BERHAD 
0039 GFM - GFM SERVICES BERHAD 
0040 OPENSYS - OPENSYS 
0041 HONGSENG - HONG SENG CONSOLIDATED BERHAD 
0042 MOBIF - MOBIF BERHAD 
0043 MTRONIC - METRONIC GLOBAL BERHAD 
0044  -  
0045 GNB - G NEPTUNE BERHAD 
0046 UNREAL - UNREALMIND INTERACTIVE BERHAD 
0047 PERISAI - PERISAI PETROLEUM TEKNOLOGI BHD 
0048 ANCOMLB - ANCOM LOGISTICS BERHAD 
0049 OCNCASH - OCEANCASH PACIFIC BERHAD 
0050 SYSTECH - SYSTECH BHD 
0051 CUSCAPI - CUSCAPI BERHAD 
0052 MEMS - MEMS TECHNOLOGY BERHAD 
0053 OSKVI - OSK VENTURES INTERNATIONAL BERHAD 
0054 KARYON - KARYON INDUSTRIES BERHAD 
0055 SERSOL - SERSOL BERHAD 
0056 GRANFLO - GRAND-FLO BERHAD 
0057 MODULAR - MODULAR TECHCORP HOLDINGS BERHAD 
0058 JCBNEXT - JCBNEXT BERHAD 
0059 ECOHLDS - ECOBUILT HOLDINGS BERHAD 
0060 VC - VORTEX CONSOLIDATED BERHAD 
0061 IMPRESS - IMPRESSIVE EDGE GROUP BERHAD 
0062 TCUBES - TRICUBES BERHAD 
0063 DISTECH - DIS TECHNOLOGY HOLDINGS BERHAD 
0064 EFFICEN - EFFICIENT E-SOLUTIONS BERHAD 
0065 EFORCE - EXCEL FORCE MSC BERHAD 
0066 VSOLAR - VSOLAR GROUP BERHAD 
0067 EFUTURE - ECOFUTURE BHD 
0068 ASDION - ASDION BERHAD 
0069 VIVOCOM - VIVOCOM INTL HOLDINGS BERHAD 
0070 MQTECH - MQ TECHNOLOGY BERHAD 
0071 FONICS - FOTRONICS CORPORATION BERHAD 
0072 AT - AT SYSTEMATIZATION BERHAD 
0073 NSCOM - NASIONCOM HOLDINGS BERHAD 
0074 GOCEAN - GREEN OCEAN CORPORATION BERHAD 
0075 LYC - LYC HEALTHCARE BERHAD 
0076 CAROTEC - CAROTECH BERHAD 
0077 KANNAL - KANNALTEC BERHAD 
0078 GDEX - GD EXPRESS CARRIER BERHAD 
0079 ORION - ORION IXL BERHAD 
0080 STRAITS - STRAITS INTER LOGISTICS BERHAD 
0081 MEGASUN - MEGA SUN CITY HOLDINGS BERHAD 
0082 GPACKET - GREEN PACKET BERHAD 
0083 NOTION - NOTION VTEC BERHAD 
0084 TECFAST - TECHFAST HOLDINGS BERHAD 
0085 MLAB - MLABS SYSTEMS BERHAD 
0086 YGL - YGL CONVERGENCE BERHAD 
0087 EBCAP - EB CAPITAL BERHAD 
0088 INSBIO - INS BIOSCIENCE BERHAD 
0089 TEXCYCL - TEX CYCLE TECHNOLOGY 
0090 ELSOFT - ELSOFT RESEARCH BERHAD 
0091 DAYA - DAYA MATERIALS BERHAD 
0092 MTOUCHE - MTOUCHE TECHNOLOGY BERHAD 
0093 SOLUTN - SOLUTION GROUP BERHAD 
0094 INIX - INIX TECHNOLOGIES HOLDINGS BERHAD 
0095 MAG - MAG HOLDINGS BERHAD 
0096 NEXGRAM - NEXGRAM HOLDINGS BERHAD 
0097 VITROX - VITROX CORPORATION BERHAD 
0098 BAHVEST - BAHVEST RESOURCES BERHAD 
0099 SCICOM - SCICOM 
0100 ESCERAM - ES CERAMICS TECHNOLOGY BHD 
0101 TMCLIFE - TMC LIFE SCIENCES BERHAD 
0102 CONNECT - CONNECTCOUNTY HOLDINGS BERHAD 
0103 MNC - M N C WIRELESS BERHAD 
0104 GENETEC - GENETEC TECHNOLOGY BERHAD 
0105 ASIAPLY - ASIA POLY HOLDINGS BERHAD 
0106 REXIT - REXIT BERHAD 
0107 EDUSPEC - EDUSPEC HOLDINGS BERHAD 
0108 N2N - N2N CONNECT BERHAD 
0109 SCBUILD - SC ESTATE BUILDER BERHAD 
0110 RA - R&A TELECOMMUNICATION GROUP BERHAD 
0111 K1 - K-ONE TECHNOLOGY BERHAD 
0112 MIKROMB - MIKRO MSC BERHAD 
0113 MMSV - MMS VENTURES BERHAD 
0114  -  
0115 WIMEMS - WIMEMS CORPORATION BERHAD 
0116 FOCUS - FOCUS DYNAMICS GROUP BERHAD 
0117 SMRT - SMRT HOLDINGS BERHAD 
0118 TRIVE - TRIVE PROPERTY GROUP BERHAD 
0119 APPASIA - APPASIA BERHAD 
0120 VIS - VISDYNAMICS HOLDINGS BERHAD 
0121  -  
0122 AIM - ADVANCE INFORMATION MARKETING BERHAD 
0123 PRIVA - PRIVASIA TECHNOLOGY BERHAD 
0124  -  
0125 CARLAW - HDM-CARLAW CORPORATION BERHAD 
0126 MICROLN - MICROLINK SOLUTIONS BERHAD 
0127 JHM - JHM CONSOLIDATION BERHAD 
0128 FRONTKN - FRONTKEN CORPORATION BERHAD 
0129 SRIDGE - SILVER RIDGE HOLDINGS BHD 
0130 BCTTECH - BCT TECHNOLOGY BERHAD 
0131 DGSB - DIVERSIFIED GATEWAY SOLUTIONS BERHAD 
0132 TDEX - TECHNODEX BHD 
0133 SANICHI - SANICHI TECHNOLOGY BERHAD 
0134  -  
0135 SCN - SCAN ASSOCIATES BERHAD 
0136 GREENYB - GREENYIELD BERHAD 
0137 STEMLFE - STEMLIFE BERHAD 
0138 MYEG - MY E.G. SERVICES BERHAD 
0139 HDISPLY - H-DISPLAYS 
0140 MACPIE - MACPIE BERHAD 
0141 WINTONI - WINTONI GROUP BERHAD 
0142  -  
0143 KEYASIC - KEY ASIC BERHAD 
0144  -  
0145 TFP - TFP SOLUTIONS BERHAD 
0146 JFTECH - JF TECHNOLOGY BERHAD 
0147 INNITY - INNITY CORPORATION BERHAD 
0148 SUNZEN - SUNZEN BIOTECH BERHAD 
0149 FIBON - FIBON BERHAD 
0150 FINTEC - FINTEC GLOBAL BERHAD 
0151 KGB - KELINGTON GROUP BERHAD 
0152 DGB - DGB ASIA BERHAD 
0153 OVERSEA - OVERSEA ENTERPRISE BERHAD 
0154 EAH - EA HOLDINGS BERHAD 
0155 MGRC - MALAYSIAN GENOMICS RESOURCE CENTRE BERHAD 
0156 MPAY - MANAGEPAY SYSTEMS BERHAD 
0157 FOCUSP - FOCUS POINT HOLDINGS BERHAD 
0158 SCC - SCC HOLDINGS BERHAD 
0159 AMEDIA - ASIA MEDIA GROUP BERHAD 
0160 HHHCORP - HIAP HUAT HOLDINGS BERHAD 
0161 SCH - SCH GROUP BERHAD 
0162 WIDAD - WIDAD GROUP BERHAD 
0163 CAREPLS - CAREPLUS GROUP BERHAD 
0164  -  
0165 XOX - XOX BHD 
0166 INARI - INARI AMERTRON BERHAD 
0167 MCLEAN - MCLEAN TECHNOLOGIES BERHAD 
0168 BOILERM - BOILERMECH HOLDINGS BERHAD 
0169 SMTRACK - SMTRACK BERHAD 
0170 KANGER - KANGER INTERNATIONAL BERHAD 
0171 PLABS - PETERLABS HOLDINGS BERHAD 
0172 OCK - OCK GROUP BERHAD 
0173 REV - REV ASIA BERHAD 
0174 IDMENSN - iDIMENSION CONSOLIDATED BHD 
0175 HHGROUP - HENG HUAT RESOURCES GROUP BERHAD 
0176 KRONO - KRONOLOGI ASIA BERHAD 
0177 PASUKGB - PASUKHAS GROUP BERHAD 
0178 SEDANIA - SEDANIA INNOVATOR BERHAD 
0179 BIOHLDG - BIOALPHA HOLDINGS BERHAD 
0180 KTC - KIM TECK CHEONG CONSOLIDATED BERHAD 
0181 AEMULUS - AEMULUS HOLDINGS BERHAD 
0182 LKL - LKL INTERNATIONAL BERHAD 
0183 SALUTE - SALUTICA BERHAD 
0184  -  
0185 HSSEB - HSS ENGINEERS BERHAD 
0186 PTRANS - PERAK TRANSIT BERHAD 
0187 BCMALL - BCM ALLIANCE BERHAD 
0188 HLT - HLT GLOBAL BERHAD 
0189 MATANG - MATANG BERHAD 
0190 ESAFE - EVERSAFE RUBBER BERHAD 
0191 CABNET - CABNET HOLDINGS BERHAD 
0192 INTA - INTA BINA GROUP BERHAD 
0193 KAB - KEJURUTERAAN ASASTERA BERHAD 
0194  -  
0195 BINACOM - BINASAT COMMUNICATIONS BERHAD 
0196 QES - QES GROUP BERHAD 
0197 WEGMANS - WEGMANS HOLDINGS BERHAD 
0198 GDB - GDB HOLDINGS BERHAD 
0199 TRIMODE - TRI-MODE SYSTEM 
0200 REVENUE - REVENUE GROUP BERHAD 
0201 NOVA - NOVA WELLNESS GROUP BERHAD 
0202 RGTECH - RADIANT GLOBALTECH BERHAD 
0203 SMETRIC - SECUREMETRIC BERHAD 
0204  -  
0205 DPIH - DPI HOLDINGS BERHAD 
0206 NADIBHD - GAGASAN NADI CERGAS BERHAD 
0207 MESTRON - MESTRON HOLDINGS BERHAD 
0208 GREATEC - GREATECH TECHNOLOGY BERHAD 
0209 ISTONE - I-STONE GROUP BERHAD 
0210 KHJB - KIM HIN JOO 
0211 TASHIN - TASHIN HOLDINGS BERHAD 
0212 SDS - SDS GROUP BERHAD 
0213 MTAG - MTAG GROUP BERHAD 
0214  -  
0215 SLVEST - SOLARVEST HOLDINGS BERHAD 
0216 SPRING - SPRING ART HOLDINGS BERHAD 
0217 PWRWELL - POWERWELL HOLDINGS BERHAD 
0218 ACO - ACO GROUP BERHAD 
0219 RL - RESERVOIR LINK ENERGY BHD 
0220 OVH - OCEAN VANTAGE HOLDINGS BERHAD 
0221 TCS - TCS GROUP HOLDINGS BERHAD 
0222 OPTIMAX - OPTIMAX HOLDINGS BERHAD 
0223 SAMAIDEN - SAMAIDEN GROUP BERHAD 
0224  -  
0225 SCGBHD - SOUTHERN CABLE GROUP BERHAD 
0226 ANEKA - ANEKA JARINGAN HOLDINGS BERHAD 
0227 EFRAME - ECONFRAME BERHAD 
0228  -  
0229  -  
0230  -  
0231  -  
0232  -  
0233  -  
0234  -  
0235  -  
0236  -  
0237  -  
0238  -  
0239  -  
0240  -  
0241  -  
0242  -  
0243  -  
0244  -  
0245  -  
0246  -  
0247  -  
0248  -  
0249  -  
0250  -  
0251  -  
0252  -  
0253  -  
0254  -  
0255  -  
0256  -  
0257  -  
0258  -  
0259  -  
0260  -  
0261  -  
0262  -  
0263  -  
0264  -  
0265  -  
0266  -  
0267  -  
0268  -  
0269  -  
0270  -  
0271  -  
0272  -  
0273  -  
0274  -  
0275  -  
0276  -  
0277  -  
0278  -  
0279  -  
0280  -  
0281  -  
0282  -  
0283  -  
0284  -  
0285  -  
0286  -  
0287  -  
0288  -  
0289  -  
0290  -  
0291  -  
0292  -  
0293  -  
0294  -  
0295  -  
0296  -  
0297  -  
0298  -  
0299  -  
0300  -  
0301  -  
0302  -  
0303  -  
0304  -  
0305  -  
0306  -  
0307  -  
0308  -  
0309  -  
0310  -  
0311  -  
0312  -  
0313  -  
0314  -  
0315  -  
0316  -  
0317  -  
0318  -  
0319  -  
0320  -  
0321  -  
0322  -  
0323  -  
0324  -  
0325  -  
0326  -  
0327  -  
0328  -  
0329  -  
0330  -  
0331  -  
0332  -  
0333  -  
0334  -  
0335  -  
0336  -  
0337  -  
0338  -  
0339  -  
0340  -  
0341  -  
0342  -  
0343  -  
0344  -  
0345  -  
0346  -  
0347  -  
0348  -  
0349  -  
0350  -  
0351  -  
0352  -  
0353  -  
0354  -  
0355  -  
0356  -  
0357  -  
0358  -  
0359  -  
0360  -  
0361  -  
0362  -  
0363  -  
0364  -  
0365  -  
0366  -  
0367  -  
0368  -  
0369  -  
0370  -  
0371  -  
0372  -  
0373  -  
0374  -  
0375  -  
0376  -  
0377  -  
0378  -  
0379  -  
0380  -  
0381  -  
0382  -  
0383  -  
0384  -  
0385  -  
0386  -  
0387  -  
0388  -  
0389  -  
0390  -  
0391  -  
0392  -  
0393  -  
0394  -  
0395  -  
0396  -  
0397  -  
0398  -  
0399  -  
0400  -  
0401  -  
0402  -  
0403  -  
0404  -  
0405  -  
0406  -  
0407  -  
0408  -  
0409  -  
0410  -  
0411  -  
0412  -  
0413  -  
0414  -  
0415  -  
0416  -  
0417  -  
0418  -  
0419  -  
0420  -  
0421  -  
0422  -  
0423  -  
0424  -  
0425  -  
0426  -  
0427  -  
0428  -  
0429  -  
0430  -  
0431  -  
0432  -  
0433  -  
0434  -  
0435  -  
0436  -  
0437  -  
0438  -  
0439  -  
0440  -  
0441  -  
0442  -  
0443  -  
0444  -  
0445  -  
0446  -  
0447  -  
0448  -  
0449  -  
0450  -  
0451  -  
0452  -  
0453  -  
0454  -  
0455  -  
0456  -  
0457  -  
0458  -  
0459  -  
0460  -  
0461  -  
0462  -  
0463  -  
0464  -  
0465  -  
0466  -  
0467  -  
0468  -  
0469  -  
0470  -  
0471  -  
0472  -  
0473  -  
0474  -  
0475  -  
0476  -  
0477  -  
0478  -  
0479  -  
0480  -  
0481  -  
0482  -  
0483  -  
0484  -  
0485  -  
0486  -  
0487  -  
0488  -  
0489  -  
0490  -  
0491  -  
0492  -  
0493  -  
0494  -  
0495  -  
0496  -  
0497  -  
0498  -  
0499  -  
0500  -  
0501  -  
0502  -  
0503  -  
0504  -  
0505  -  
0506  -  
0507  -  
0508  -  
0509  -  
0510  -  
0511  -  
0512  -  
0513  -  
0514  -  
0515  -  
0516  -  
0517  -  
0518  -  
0519  -  
0520  -  
0521  -  
0522  -  
0523  -  
0524  -  
0525  -  
0526  -  
0527  -  
0528  -  
0529  -  
0530  -  
0531  -  
0532  -  
0533  -  
0534  -  
0535  -  
0536  -  
0537  -  
0538  -  
0539  -  
0540  -  
0541  -  
0542  -  
0543  -  
0544  -  
0545  -  
0546  -  
0547  -  
0548  -  
0549  -  
0550  -  
0551  -  
0552  -  
0553  -  
0554  -  
0555  -  
0556  -  
0557  -  
0558  -  
0559  -  
0560  -  
0561  -  
0562  -  
0563  -  
0564  -  
0565  -  
0566  -  
0567  -  
0568  -  
0569  -  
0570  -  
0571  -  
0572  -  
0573  -  
0574  -  
0575  -  
0576  -  
0577  -  
0578  -  
0579  -  
0580  -  
0581  -  
0582  -  
0583  -  
0584  -  
0585  -  
0586  -  
0587  -  
0588  -  
0589  -  
0590  -  
0591  -  
0592  -  
0593  -  
0594  -  
0595  -  
0596  -  
0597  -  
0598  -  
0599  -  
0600  -  
0601  -  
0602  -  
0603  -  
0604  -  
0605  -  
0606  -  
0607  -  
0608  -  
0609  -  
0610  -  
0611  -  
0612  -  
0613  -  
0614  -  
0615  -  
0616  -  
0617  -  
0618  -  
0619  -  
0620  -  
0621  -  
0622  -  
0623  -  
0624  -  
0625  -  
0626  -  
0627  -  
0628  -  
0629  -  
0630  -  
0631  -  
0632  -  
0633  -  
0634  -  
0635  -  
0636  -  
0637  -  
0638  -  
0639  -  
0640  -  
0641  -  
0642  -  
0643  -  
0644  -  
0645  -  
0646  -  
0647  -  
0648  -  
0649  -  
0650  -  
0651  -  
0652  -  
0653  -  
0654  -  
0655  -  
0656  -  
0657  -  
0658  -  
0659  -  
0660  -  
0661  -  
0662  -  
0663  -  
0664  -  
0665  -  
0666  -  
0667  -  
0668  -  
0669  -  
0670  -  
0671  -  
0672  -  
0673  -  
0674  -  
0675  -  
0676  -  
0677  -  
0678  -  
0679  -  
0680  -  
0681  -  
0682  -  
0683  -  
0684  -  
0685  -  
0686  -  
0687  -  
0688  -  
0689  -  
0690  -  
0691  -  
0692  -  
0693  -  
0694  -  
0695  -  
0696  -  
0697  -  
0698  -  
0699  -  
0700  -  
0701  -  
0702  -  
0703  -  
0704  -  
0705  -  
0706  -  
0707  -  
0708  -  
0709  -  
0710  -  
0711  -  
0712  -  
0713  -  
0714  -  
0715  -  
0716  -  
0717  -  
0718  -  
0719  -  
0720  -  
0721  -  
0722  -  
0723  -  
0724  -  
0725  -  
0726  -  
0727  -  
0728  -  
0729  -  
0730  -  
0731  -  
0732  -  
0733  -  
0734  -  
0735  -  
0736  -  
0737  -  
0738  -  
0739  -  
0740  -  
0741  -  
0742  -  
0743  -  
0744  -  
0745  -  
0746  -  
0747  -  
0748  -  
0749  -  
0750  -  
0751  -  
0752  -  
0753  -  
0754  -  
0755  -  
0756  -  
0757  -  
0758  -  
0759  -  
0760  -  
0761  -  
0762  -  
0763  -  
0764  -  
0765  -  
0766  -  
0767  -  
0768  -  
0769  -  
0770  -  
0771  -  
0772  -  
0773  -  
0774  -  
0775  -  
0776  -  
0777  -  
0778  -  
0779  -  
0780  -  
0781  -  
0782  -  
0783  -  
0784  -  
0785  -  
0786  -  
0787  -  
0788  -  
0789  -  
0790  -  
0791  -  
0792  -  
0793  -  
0794  -  
0795  -  
0796  -  
0797  -  
0798  -  
0799  -  
0800  - ABF MALAYSIA BOND INDEX FUND 
0801  -  
0802  -  
0803  -  
0804  -  
0805  -  
0806  -  
0807  -  
0808  -  
0809  -  
0810  -  
0811  -  
0812  -  
0813  -  
0814  -  
0815  -  
0816  -  
0817  -  
0818  -  
0819  -  
0820  -  
0821  -  
0822  -  
0823  -  
0824  -  
0825  -  
0826  -  
0827  -  
0828  -  
0829  -  
0830  -  
0831  -  
0832  -  
0833  -  
0834  -  
0835  -  
0836  -  
0837  -  
0838  -  
0839  -  
0840  -  
0841  -  
0842  -  
0843  -  
0844  -  
0845  -  
0846  -  
0847  -  
0848  -  
0849  -  
0850  -  
0851  -  
0852  -  
0853  -  
0854  -  
0855  -  
0856  -  
0857  -  
0858  -  
0859  -  
0860  -  
0861  -  
0862  -  
0863  -  
0864  -  
0865  -  
0866  -  
0867  -  
0868  -  
0869  -  
0870  -  
0871  -  
0872  -  
0873  -  
0874  -  
0875  -  
0876  -  
0877  -  
0878  -  
0879  -  
0880  -  
0881  -  
0882  -  
0883  -  
0884  -  
0885  -  
0886  -  
0887  -  
0888  -  
0889  -  
0890  -  
0891  -  
0892  -  
0893  -  
0894  -  
0895  -  
0896  -  
0897  -  
0898  -  
0899  -  
0900  - ZA-CIMBB: BASKET CW 
0901  -  
0902  -  
0903  -  
0904  -  
0905  -  
0906  -  
0907  -  
0908  -  
0909  -  
0910  -  
0911  -  
0912  -  
0913  -  
0914  -  
0915  -  
0916  -  
0917  -  
0918  -  
0919  -  
0920  -  
0921  -  
0922  -  
0923  -  
0924  -  
0925  -  
0926  -  
0927  -  
0928  -  
0929  -  
0930  -  
0931  -  
0932  -  
0933  -  
0934  -  
0935  -  
0936  -  
0937  -  
0938  -  
0939  -  
0940  -  
0941  -  
0942  -  
0943  -  
0944  -  
0945  -  
0946  -  
0947  -  
0948  -  
0949  -  
0950  -  
0951  -  
0952  -  
0953  -  
0954  -  
0955  -  
0956  -  
0957  -  
0958  -  
0959  -  
0960  -  
0961  -  
0962  -  
0963  -  
0964  -  
0965  -  
0966  -  
0967  -  
0968  -  
0969  -  
0970  -  
0971  -  
0972  -  
0973  -  
0974  -  
0975  -  
0976  -  
0977  -  
0978  -  
0979  -  
0980  -  
0981  -  
0982  -  
0983  -  
0984  -  
0985  -  
0986  -  
0987  -  
0988  -  
0989  -  
0990  -  
0991  -  
0992  -  
0993  -  
0994  -  
0995  -  
0996  -  
0997  -  
0998  -  
0999  -  
1000  - LTKM BERHAD 
1001  -  
1002  -  
1003  -  
1004  -  
1005  -  
1006  -  
1007 AMPROP - AMCORP PROPERTIES BERHAD 
1008  -  
1009  -  
1010  -  
1011  -  
1012  -  
1013  -  
1014  -  
1015 AMBANK - AMMB HOLDINGS BERHAD 
1016  -  
1017  -  
1018  -  
1019  -  
1020  -  
1021  -  
1022  -  
1023 CIMB - CIMB GROUP HOLDINGS BERHAD 
1024  -  
1025  -  
1026  -  
1027  -  
1028  -  
1029  -  
1030  -  
1031  -  
1032  -  
1033  -  
1034  -  
1035  -  
1036  -  
1037  -  
1038  -  
1039  -  
1040  -  
1041  -  
1042  -  
1043  -  
1044  -  
1045  -  
1046  -  
1047  -  
1048  -  
1049  -  
1050  -  
1051  -  
1052  -  
1053  -  
1054  -  
1055  -  
1056  -  
1057  -  
1058 MANULFE - MANULIFE HOLDINGS BERHAD 
1059  -  
1060  -  
1061  -  
1062  -  
1063  -  
1064  -  
1065  -  
1066 RHBBANK - RHB BANK BERHAD 
1067  -  
1068  -  
1069  -  
1070  -  
1071  -  
1072  -  
1073  -  
1074  -  
1075  -  
1076  -  
1077  -  
1078  -  
1079  -  
1080  -  
1081  -  
1082 HLFG - HONG LEONG FINANCIAL GROUP BERHAD 
1083  -  
1084  -  
1085  -  
1086  -  
1087  -  
1088  -  
1089  -  
1090  -  
1091  -  
1092  -  
1093  -  
1094  -  
1095  -  
1096  -  
1097  -  
1098  -  
1099  -  
1100  -  
1101  -  
1102  -  
1103  -  
1104  -  
1105  -  
1106  -  
1107  -  
1108  -  
1109  -  
1110  -  
1111  -  
1112 IDAMAN - IDAMAN UNGGUL BERHAD 
1113  -  
1114  -  
1115  -  
1116  -  
1117  -  
1118  -  
1119  -  
1120  -  
1121  -  
1122  -  
1123  -  
1124  -  
1125  -  
1126  -  
1127  -  
1128  -  
1129  -  
1130  -  
1131  -  
1132  -  
1133  -  
1134  -  
1135  -  
1136  -  
1137  -  
1138  -  
1139 KILHALL - KILLINGHALL 
1140  -  
1141  -  
1142  -  
1143  -  
1144  -  
1145  -  
1146  -  
1147 GOB - GLOBAL ORIENTAL BERHAD 
1148  -  
1149  -  
1150  -  
1151  -  
1152  -  
1153  -  
1154  -  
1155 MAYBANK - MALAYAN BANKING BERHAD 
1156  -  
1157  -  
1158  -  
1159  -  
1160  -  
1161  -  
1162  -  
1163 ALLIANZ - ALLIANZ MALAYSIA BERHAD 
1164  -  
1165  -  
1166  -  
1167  -  
1168  -  
1169  -  
1170  -  
1171 MBSB - MALAYSIA BUILDING SOCIETY BERHAD 
1172  -  
1173  -  
1174  -  
1175  -  
1176  -  
1177  -  
1178  -  
1179  -  
1180  -  
1181  -  
1182  -  
1183  -  
1184  -  
1185  -  
1186  -  
1187  -  
1188  -  
1189  -  
1190  -  
1191  -  
1192  -  
1193  -  
1194  -  
1195  -  
1196  -  
1197  -  
1198 MAA - MAA GROUP BERHAD 
1199  -  
1200  -  
1201 SUMATEC - SUMATEC RESOURCES BERHAD 
1202  -  
1203  -  
1204  -  
1205  -  
1206  -  
1207  -  
1208  -  
1209  -  
1210  -  
1211  -  
1212  -  
1213  -  
1214  -  
1215  -  
1216  -  
1217  -  
1218  -  
1219  -  
1220  -  
1221  -  
1222  -  
1223  -  
1224  -  
1225  -  
1226  -  
1227  -  
1228 MBFCORP - MBF CORPORATION BERHAD 
1229  -  
1230  -  
1231  -  
1232  -  
1233  -  
1234  -  
1235  -  
1236 MBFHLDG - MBF HOLDINGS BERHAD 
1237  -  
1238  -  
1239  -  
1240  -  
1241  -  
1242  -  
1243  -  
1244  -  
1245  -  
1246  -  
1247  -  
1248  -  
1249  -  
1250  -  
1251  -  
1252 PGLOBAL - PANGLOBAL BERHAD 
1253  -  
1254  -  
1255  -  
1256  -  
1257  -  
1258  -  
1259  -  
1260  -  
1261  -  
1262  -  
1263  -  
1264  -  
1265  -  
1266  -  
1267  -  
1268  -  
1269  -  
1270  -  
1271  -  
1272  -  
1273  -  
1274  -  
1275  -  
1276  -  
1277  -  
1278  -  
1279  -  
1280  -  
1281  -  
1282  -  
1283  -  
1284  -  
1285  -  
1286  -  
1287 PMHLDG - PAN MALAYSIA HOLDINGS BERHAD 
1288  -  
1289  -  
1290  -  
1291  -  
1292  -  
1293  -  
1294  -  
1295 PBBANK - PUBLIC BANK BERHAD 
1296  -  
1297  -  
1298  -  
1299  -  
1300  -  
1301  -  
1302  -  
1303  -  
1304  -  
1305  -  
1306  -  
1307  -  
1308  -  
1309 RHB - RASHID HUSSAIN BERHAD 
1310  -  
1311  -  
1312  -  
1313  -  
1314  -  
1315  -  
1316  -  
1317  -  
1318  -  
1319  -  
1320  -  
1321  -  
1322  -  
1323  -  
1324  -  
1325 AMANCAP - AMANAH CAPITAL PARTNERS BHD 
1326  -  
1327  -  
1328  -  
1329  -  
1330  -  
1331  -  
1332  -  
1333 SBANK - SOUTHERN BANK BERHAD 
1334  -  
1335  -  
1336  -  
1337  -  
1338  -  
1339  -  
1340  -  
1341  -  
1342  -  
1343  -  
1344  -  
1345  -  
1346  -  
1347  -  
1348  -  
1349  -  
1350  -  
1351  -  
1352  -  
1353  -  
1354  -  
1355  -  
1356  -  
1357  -  
1358  -  
1359  -  
1360  -  
1361  -  
1362  -  
1363  -  
1364  -  
1365  -  
1366  -  
1367  -  
1368 EDGENTA - UEM EDGENTA BERHAD 
1369  -  
1370  -  
1371  -  
1372  -  
1373  -  
1374  -  
1375  -  
1376  -  
1377  -  
1378  -  
1379  -  
1380  -  
1381  -  
1382  -  
1383  -  
1384  -  
1385  -  
1386  -  
1387  -  
1388  -  
1389  -  
1390  -  
1391  -  
1392  -  
1393  -  
1394  -  
1395  -  
1396  -  
1397  -  
1398  -  
1399  -  
1400  -  
1401  -  
1402  -  
1403  -  
1404  -  
1405  -  
1406  -  
1407  -  
1408  -  
1409  -  
1410  -  
1411  -  
1412  -  
1413  -  
1414  -  
1415  -  
1416  -  
1417  -  
1418  -  
1419  -  
1420  -  
1421  -  
1422  -  
1423  -  
1424  -  
1425  -  
1426  -  
1427  -  
1428  -  
1429  -  
1430  -  
1431  -  
1432  -  
1433  -  
1434  -  
1435  -  
1436  -  
1437  -  
1438  -  
1439  -  
1440  -  
1441  -  
1442  -  
1443  -  
1444  -  
1445  -  
1446  -  
1447  -  
1448  -  
1449  -  
1450  -  
1451  -  
1452  -  
1453  -  
1454  -  
1455  -  
1456  -  
1457  -  
1458  -  
1459  -  
1460  -  
1461  -  
1462  -  
1463  -  
1464  -  
1465  -  
1466  -  
1467  -  
1468  -  
1469  -  
1470  -  
1471  -  
1472  -  
1473 BRDB - BANDAR RAYA DEVELOPMENTS BERHAD 
1474  -  
1475  -  
1476  -  
1477  -  
1478  -  
1479  -  
1480  -  
1481 ASB - ADVANCE SYNERGY BERHAD 
1482  -  
1483  -  
1484  -  
1485  -  
1486  -  
1487  -  
1488  -  
1489  -  
1490  -  
1491  -  
1492  -  
1493  -  
1494  -  
1495  -  
1496  -  
1497  -  
1498  -  
1499  -  
1500  -  
1501  -  
1502  -  
1503 GUOCO - GUOCOLAND 
1504  -  
1505  -  
1506  -  
1507  -  
1508  -  
1509  -  
1510  -  
1511  -  
1512  -  
1513  -  
1514  -  
1515  -  
1516  -  
1517  -  
1518  -  
1519  -  
1520  -  
1521  -  
1522  -  
1523  -  
1524  -  
1525  -  
1526  -  
1527  -  
1528  -  
1529  -  
1530  -  
1531  -  
1532  -  
1533  -  
1534  -  
1535  -  
1536  -  
1537  -  
1538 SYMLIFE - SYMPHONY LIFE BERHAD 
1539  -  
1540  -  
1541  -  
1542  -  
1543  -  
1544  -  
1545  -  
1546  -  
1547  -  
1548  -  
1549  -  
1550  -  
1551  -  
1552  -  
1553  -  
1554  -  
1555  -  
1556  -  
1557  -  
1558  -  
1559  -  
1560  -  
1561  -  
1562 BJTOTO - BERJAYA SPORTS TOTO BERHAD 
1563  -  
1564  -  
1565  -  
1566  -  
1567  -  
1568  -  
1569  -  
1570  -  
1571  -  
1572  -  
1573  -  
1574  -  
1575  -  
1576  -  
1577  -  
1578  -  
1579  -  
1580  -  
1581  -  
1582  -  
1583  -  
1584  -  
1585  -  
1586  -  
1587  -  
1588  -  
1589 IWCITY - ISKANDAR WATERFRONT CITY BERHAD 
1590  -  
1591  -  
1592  -  
1593  -  
1594  -  
1595  -  
1596  -  
1597 IGB - IGB CORPORATION BERHAD 
1598  -  
1599  -  
1600  -  
1601  -  
1602  -  
1603  -  
1604  -  
1605  -  
1606  -  
1607  -  
1608  -  
1609  -  
1610  -  
1611  -  
1612  -  
1613  -  
1614  -  
1615  -  
1616  -  
1617  -  
1618  -  
1619 DRBHCOM - DRB-HICOM BERHAD 
1620  -  
1621  -  
1622  -  
1623  -  
1624  -  
1625  -  
1626  -  
1627 I&P - ISLAND & PENINSULAR BERHAD 
1628  -  
1629  -  
1630  -  
1631  -  
1632  -  
1633  -  
1634  -  
1635 IOIPROP - IOI PROPERTIES BERHAD 
1636  -  
1637  -  
1638  -  
1639  -  
1640  -  
1641  -  
1642  -  
1643 LANDMRK - LANDMARKS BERHAD 
1644  -  
1645  -  
1646  -  
1647  -  
1648  -  
1649  -  
1650  -  
1651 MRCB - MALAYSIAN RESOURCES CORPORATION BERHAD 
1652  -  
1653  -  
1654  -  
1655  -  
1656  -  
1657  -  
1658  -  
1659  -  
1660  -  
1661  -  
1662  -  
1663  -  
1664  -  
1665  -  
1666  -  
1667  -  
1668  -  
1669  -  
1670  -  
1671  -  
1672  -  
1673  -  
1674  -  
1675  -  
1676  -  
1677  -  
1678  -  
1679  -  
1680  -  
1681  -  
1682  -  
1683  -  
1684  -  
1685  -  
1686 CRIMSON - CRIMSON LAND BERHAD 
1687  -  
1688  -  
1689  -  
1690  -  
1691  -  
1692  -  
1693  -  
1694 MENANG - MENANG CORPORATION 
1695  -  
1696  -  
1697  -  
1698  -  
1699  -  
1700  -  
1701  -  
1702  -  
1703  -  
1704  -  
1705  -  
1706  -  
1707  -  
1708 METPLEX - METROPLEX BERHAD 
1709  -  
1710  -  
1711  -  
1712  -  
1713  -  
1714  -  
1715  -  
1716 APLAND - ASIA PACIFIC LAND BERHAD 
1717  -  
1718  -  
1719  -  
1720  -  
1721  -  
1722  -  
1723  -  
1724 PARAMON - PARAMOUNT CORPORATION BERHAD 
1725  -  
1726  -  
1727  -  
1728  -  
1729  -  
1730  -  
1731  -  
1732  -  
1733  -  
1734  -  
1735  -  
1736  -  
1737  -  
1738  -  
1739  -  
1740  -  
1741  -  
1742  -  
1743  -  
1744  -  
1745  -  
1746  -  
1747  -  
1748  -  
1749  -  
1750  -  
1751  -  
1752  -  
1753  -  
1754  -  
1755  -  
1756  -  
1757  -  
1758  -  
1759 PELANGI - PELANGI BERHAD 
1760  -  
1761  -  
1762  -  
1763  -  
1764  -  
1765  -  
1766  -  
1767 PGARDEN - PETALING GARDEN BERHAD 
1768  -  
1769  -  
1770  -  
1771  -  
1772  -  
1773  -  
1774  -  
1775 UEMWRLD - UEM WORLD BERHAD 
1776  -  
1777  -  
1778  -  
1779  -  
1780  -  
1781  -  
1782  -  
1783 SPB - SELANGOR PROPERTIES BERHAD 
1784  -  
1785  -  
1786  -  
1787  -  
1788  -  
1789  -  
1790  -  
1791  -  
1792  -  
1793  -  
1794  -  
1795  -  
1796  -  
1797  -  
1798  -  
1799  -  
1800  -  
1801  -  
1802  -  
1803  -  
1804  -  
1805 FAP - FA PENINSULAR BHD 
1806  -  
1807  -  
1808  -  
1809  -  
1810  -  
1811  -  
1812  -  
1813 SPK - SPK-SENTOSA CORPORATION BERHAD 
1814  -  
1815  -  
1816  -  
1817  -  
1818 BURSA - BURSA MALAYSIA BERHAD 
1819  -  
1820  -  
1821 SRIHART - SRI HARTAMAS BERHAD 
1822  -  
1823  -  
1824  -  
1825  -  
1826  -  
1827  -  
1828  -  
1829  -  
1830  -  
1831  -  
1832  -  
1833  -  
1834  -  
1835  -  
1836  -  
1837  -  
1838  -  
1839  -  
1840  -  
1841  -  
1842  -  
1843  -  
1844  -  
1845  -  
1846  -  
1847  -  
1848  -  
1849  -  
1850  -  
1851  -  
1852  -  
1853  -  
1854  -  
1855  -  
1856 SIMEPTY - SIME UEP PROPERTIES BERHAD 
1857  -  
1858  -  
1859  -  
1860  -  
1861  -  
1862  -  
1863  -  
1864  -  
1865  -  
1866  -  
1867  -  
1868  -  
1869  -  
1870  -  
1871  -  
1872 AUSENT - AUSTRAL ENTERPRISES BERHAD 
1873  -  
1874  -  
1875  -  
1876  -  
1877  -  
1878  -  
1879  -  
1880  -  
1881  -  
1882  -  
1883  -  
1884  -  
1885  -  
1886  -  
1887  -  
1888  -  
1889  -  
1890  -  
1891  -  
1892  -  
1893  -  
1894  -  
1895  -  
1896  -  
1897  -  
1898  -  
1899 BKAWAN - BATU KAWAN BERHAD 
1900  -  
1901  -  
1902 PINEPAC - PINEHILL PACIFIC BERHAD 
1903  -  
1904  -  
1905  -  
1906  -  
1907  -  
1908  -  
1909  -  
1910  -  
1911  -  
1912  -  
1913  -  
1914  -  
1915  -  
1916  -  
1917  -  
1918  -  
1919  -  
1920  -  
1921  -  
1922  -  
1923  -  
1924  -  
1925  -  
1926  -  
1927  -  
1928  -  
1929 CHINTEK - CHIN TECK PLANTATIONS BERHAD 
1930  -  
1931  -  
1932  -  
1933  -  
1934  -  
1935  -  
1936  -  
1937  -  
1938  -  
1939  -  
1940  -  
1941  -  
1942  -  
1943  -  
1944  -  
1945 PJDEV - PJ DEVELOPMENT HOLDINGS BERHAD 
1946  -  
1947  -  
1948  -  
1949  -  
1950  -  
1951  -  
1952  -  
1953 GHOPE - GOLDEN HOPE PLANTATIONS BERHAD 
1954  -  
1955  -  
1956  -  
1957  -  
1958  -  
1959  -  
1960  -  
1961 IOICORP - IOI CORPORATION BERHAD 
1962  -  
1963  -  
1964  -  
1965  -  
1966  -  
1967  -  
1968  -  
1969  -  
1970  -  
1971  -  
1972  -  
1973  -  
1974  -  
1975  -  
1976  -  
1977  -  
1978  -  
1979  -  
1980  -  
1981  -  
1982  -  
1983  -  
1984  -  
1985  -  
1986  -  
1987  -  
1988 KEMAYAN - KEMAYAN CORPORATION BHD 
1989  -  
1990  -  
1991  -  
1992  -  
1993  -  
1994  -  
1995  -  
1996 KRETAM - KRETAM HOLDINGS BERHAD 
1997  -  
1998  -  
1999  -  
2000  -  
2001  -  
2002  -  
2003 KULIM - KULIM 
2004  -  
2005  -  
2006  -  
2007  -  
2008  -  
2009  -  
2010  -  
2011 LINGUI - LINGUI DEVELOPMENTS BERHAD 
2012  -  
2013  -  
2014  -  
2015  -  
2016  -  
2017  -  
2018  -  
2019  -  
2020  - TAT SANG HOLDINGS BERHAD 
2021  -  
2022  -  
2023  -  
2024  -  
2025  -  
2026  -  
2027  -  
2028  -  
2029  -  
2030  -  
2031  -  
2032  -  
2033  -  
2034  -  
2035  -  
2036  -  
2037  -  
2038 NSOP - NEGRI SEMBILAN OIL PALMS BERHAD 
2039  -  
2040  -  
2041  -  
2042  -  
2043  -  
2044  -  
2045  -  
2046 BSDPROP - SCB DEVELOPMENTS BERHAD 
2047  -  
2048  -  
2049  -  
2050  -  
2051  -  
2052  -  
2053  -  
2054 TDM - TDM BERHAD 
2055  -  
2056  -  
2057  -  
2058  -  
2059  -  
2060  -  
2061  -  
2062 HARBOUR - HARBOUR-LINK GROUP BERHAD 
2063  -  
2064  -  
2065  -  
2066  -  
2067  -  
2068  -  
2069  -  
2070  -  
2071  -  
2072  -  
2073  -  
2074  -  
2075  -  
2076  -  
2077  -  
2078  -  
2079  -  
2080  -  
2081  -  
2082  -  
2083  -  
2084  -  
2085  -  
2086  -  
2087  -  
2088  -  
2089 UTDPLT - UNITED PLANTATIONS BERHAD 
2090  -  
2091  -  
